company,job_title,location
RiskIQ,Data Scientist,"San Francisco, CA, US"
Invitae,Data Scientist,"San Francisco, CA, US"
Bey,"Principal Data Scientist & Data Scientist (Product Analytics) from E-Commerce Industry (i.e Amazon, Alibaba, Best Buy, Sephora etc.)","San Francisco, CA, US"
Automatic,Data Scientist - Automatic Labs,"San Francisco, CA, US"
Numerator,Data Scientist,"San Francisco, CA, US"
"Scoop Technologies, Inc.",Data Scientist,"San Francisco, CA, US"
Uber,Data Scientist - Forecasting,"San Francisco, CA, US"
Opendoor,Data Scientist (Analytics),"San Francisco, CA, US"
StubHub,"Data Scientist, Product analytics",San Francisco Bay Area
"Grand Rounds, Inc.",Data Scientist,"San Francisco, CA, US"
Ivy Exec,Data Scientist - Operations,"San Francisco, CA, US"
TAL Education Group,Data Scientist（Location:Beijing）,美国 旧金山湾区
Jyve Corporation,Data Scientist,"San Francisco, CA, US"
Hoodline,Data Scientist,"San Francisco, CA, US"
K Tek Resourcing LLC,Data Scientist,"San Francisco, CA, US"
Ridecell,Data Scientist,"San Francisco, CA, US"
Glocomms,NLP Data Scientist,"San Francisco, California, United States"
Optimizely,Data Scientist - Statistical Inference,"San Francisco, CA, US"
Compass Consulting,Data Scientist I,"San Francisco, CA, US"
Stella.ai,Data Scientist,"San Francisco, CA, US"
Youper,Data Scientist,"San Francisco, CA, US"
Blueshift,Data Scientist,"San Francisco, CA, US"
O'Reilly Media,Data Scientist,"San Francisco, CA, US"
OpExpert- Consulting,Principal Data Scientist,"San Francisco, CA, US"
Scribd,Data Scientist,"San Francisco, CA, US"
LeapYear Technologies,Data Scientist,"Berkeley, CA, US"
O'Reilly Media,Data Scientist,"Oakland, CA, US"
Slack,"Data Scientist, Product","San Francisco, CA, US"
Curology,Data Scientist - Marketing,"San Francisco, CA, US"
Twitter,"Data Scientist, Growth","San Francisco, CA, US"
Tubi,Data Scientist,"San Francisco, CA, US"
StyleSeat,Data Scientist,"San Francisco, CA, US"
Smith Hanley Associates,Principal Data Scientist,"San Francisco, California"
Roche,"Associate Data Scientist or Data Scientist, Evidence for Access, USMA","South San Francisco, CA, US"
The RealReal,Data Scientist,"San Francisco, CA, US"
Slack,"Data Scientist, Lifecyle","San Francisco, CA, US"
TAL Education Group,Data Scientist（Location:Beijing）,美国 旧金山湾区
Sony Playstation Network,Data Scientist,"San Francisco, CA, US"
Youper,Data Scientist,"San Francisco, CA, US"
Intrexon Corporation,Data Scientist/Engineer,"South San Francisco, CA, US"
Lime,Data Scientist,"San Francisco, CA, US"
Skupos Inc.,Data Scientist,"San Francisco, California, United States"
Engage Partners Inc.,Data Scientist,San Francisco Bay Area
Personal Capital,Data Scientist,"Redwood Shores, CA, US"
Alt Shift,Data Scientist,"San Francisco, CA, US"
Square,"Data Scientist, Operations","San Francisco, CA, US"
Cambly Inc.,Data Scientist,"San Francisco, CA, US"
Microsoft,Data & Applied Scientist,"San Francisco, CA, US"
CircleUp,"Data Scientist, Insights","San Francisco, CA, US"
MasterClass,Data Scientist,"San Francisco, CA, US"
RiskIQ,Data Scientist,"San Francisco, CA, US"
Underdog.io,Data Scientist,"San Francisco, California, United States"
Carbon Lighthouse,Data Scientist,"San Francisco, California"
Pacific Gas and Electric Company,Expert Data Scientist,"San Francisco, CA, US"
Youper,Data Scientist,"San Francisco, CA, US"
Bey,Principal Data Scientist & Data Scientist (Product Analytics) - Salary: $150 - 220K,"San Francisco, CA, US"
Uber,Data Scientist - Matching,"San Francisco, CA, US"
Stella.ai,"Data Scientist, Inference","San Francisco, CA, US"
Scale AI,Data Scientist,"San Francisco, CA, US"
PADI,Data Scientist - PADI,"San Francisco, CA, US"
Ivy Exec,Data Scientist,"San Francisco, CA, US"
Asana,"Data Scientist, Growth","San Francisco, CA, US"
VelvetJobs,"Data Scientist - Analytics, Platform","San Francisco, CA, US"
Mode,Data Scientist,"San Francisco, California, United States"
Stella.ai,"Data Scientist - Inference, Platform","San Francisco, CA, US"
Cynet Systems Inc,Data Scientist,"San Francisco, CA, US"
Adobe,Data Scientist - 3D & Immersive,"San Francisco, CA, US"
"University of California, San Francisco",Data Scientist,"San Francisco, CA, US"
Zeus ,Data Scientist,"San Francisco, CA, US"
CyberCoders,Data Scientist,"San Francisco, CA, US"
Collabera Inc.,Data Scientist,"San Francisco, CA, US"
O'Reilly Media,Data Scientist,"Oakland, CA, US"
Personal Capital,Data Scientist,"Redwood Shores, CA, US"
LendingClub,Principal Data Scientist,"San Francisco, CA, US"
StyleSeat,Data Scientist,"San Francisco, CA, US"
Opendoor,Data Scientist (Analytics),"San Francisco, CA, US"
Zignal Labs,Data Scientist,San Francisco Bay Area
Slack,"Data Scientist, Product","San Francisco, CA, US"
Jobspring Partners,Data Scientist,"San Francisco, CA, US"
CircleUp,Data Scientist,"San Francisco, California, United States"
MasterClass,Data Scientist,"San Francisco, CA, US"
Faire,Data Scientist,"San Francisco, California, United States"
Hoodline,Data Scientist,"San Francisco, CA, US"
Gap Inc.,Assistant Data Scientist (Data Engineer),"San Francisco, CA, US"
EY,Data Scientist - AI,"San Francisco, CA, US"
Adobe,Data Scientist,"San Mateo, CA, US"
Lime,Data Scientist,"San Francisco, CA, US"
Airbnb,Data Scientist - Foundation,"San Francisco, CA, US"
Youper,Data Scientist,"San Francisco, CA, US"
Change Healthcare,Data Scientist,"Emeryville, CA, US"
"InfoSmart Technologies,Inc.",Data Scientist,"South San Francisco, CA, US"
APN Consulting Inc.,Data Scientist,"San Francisco, CA, US"
Aktana,Data Scientist,"207 Powell St Level 8, San Francisco, CA 94102, US"
Personal Capital,Data Scientist,"Redwood Shores, CA, US"
Touch of Modern,Data Scientist,"San Francisco, CA, US"
Sony Corporation of America,Data Scientist,"San Francisco, CA, US"
StubHub,"Data Scientist, Product analytics",San Francisco Bay Area
Scale AI,Data Scientist,"San Francisco, CA, US"
Scion Staffing,Principal Data Scientist,San Francisco Bay Area
TrueAccord,Data Scientist,"San Francisco, CA, US"
Wilton & Bain,NLP Data Scientist,"San Francisco, California, United States"
Bold Metrics Inc.,Data Scientist,"San Francisco, CA, US"
Bey,"Principal Data Scientist & Data Scientist (Product Analytics) from E-Commerce Industry (i.e Amazon, Alibaba, Best Buy, Sephora etc.)","San Francisco, CA, US"
Opendoor,Data Scientist (Analytics),"San Francisco, CA, US"
CyberCoders,Data Scientist,"San Francisco, CA, US"
CircleUp,"Data Scientist, Insights","San Francisco, CA, US"
Stella.ai,"Data Scientist, Product analytics","San Francisco, CA, US"
Formation,Data Scientist - Customer Solutions,"San Francisco, CA, US"
Microsoft,Data & Applied Scientist,"San Francisco, CA, US"
"Grand Rounds, Inc.",Data Scientist,"San Francisco, CA, US"
Ivy Exec,Data Scientist - Operations,"San Francisco, CA, US"
"Marqeta, Inc",Data Scientist,"Oakland, CA, US"
Jobot,Data Scientist,"Daly City, CA, US"
EY,Data Scientist - AI,"San Francisco, CA, US"
Carbon Lighthouse,Data Scientist,"San Francisco, California"
Juvo,Data Scientist,"San Francisco, CA, US"
Ridecell,Data Scientist,"San Francisco, CA, US"
SoFi,"Director, Data Science","San Francisco, CA"
WanderJaunt,Data Scientist,"San Francisco, CA, US"
CyberCoders,"Data Scientist - Machine Learning, Hadoop, Data Mining","San Francisco, CA, US"
CyberCoders,Data Scientist,"San Francisco, CA, US"
O'Reilly Media,Data Scientist,"Oakland, CA, US"
O'Reilly Media,Data Scientist,"San Francisco, CA, US"
Glocomms,NLP Data Scientist,"San Francisco, California, United States"
Intelletec,Data Scientist,"San Francisco, CA, US"
Gap Inc.,Assistant Data Scientist (Data Engineer),"San Francisco, CA, US"
O'Reilly Media,Data Scientist,"Oakland, CA, US"
Malakye.com,Principal Data Scientist,"San Francisco, CA, US"
Mission Bio,Data Analysis Scientist II - Bioinformatics,"South San Francisco, CA, US"
Twitter,"Data Scientist, Growth","San Francisco, CA, US"
The RealReal,Data Scientist,"San Francisco, CA, US"
Youper,Data Scientist,"San Francisco, CA, US"
Scion Staffing,Principal Data Scientist,San Francisco Bay Area
Change Healthcare,Data Scientist,"Emeryville, CA, US"
Cambly Inc.,Data Scientist,"San Francisco, CA, US"
Adobe,Data Scientist - 3D & Immersive,"San Francisco, CA, US"
Hoodline,Data Scientist,"San Francisco, CA, US"
Genentech,"Associate Data Scientist or Data Scientist, Evidence for Access, USMA","South San Francisco, CA, US"
Youper,Data Scientist,"San Francisco, CA, US"
Automatic,Data Scientist - Automatic Labs,"San Francisco, CA, US"
StyleSeat,Data Scientist,"San Francisco, CA, US"
APN Consulting Inc.,Data Scientist,"San Francisco, CA, US"
Mode,Data Scientist,"San Francisco, California, United States"
Personal Capital,Data Scientist,"Redwood Shores, CA, US"
Invitae,Data Scientist,"San Francisco, CA, US"
Square,"Data Scientist, Operations","San Francisco, CA, US"
Grammarly,Data Scientist,"San Francisco, CA, US"
SHIFT.com,Data Scientist,"San Francisco, CA, US"
Siren,Data Scientist - Algorithm Development,"San Francisco, California, United States"
Spin,Data Scientist,"San Francisco, CA, US"
Stanza,Data Scientist,"San Francisco, CA, US"
Scribd,Data Scientist,"San Francisco, CA, US"
The Climate Corporation,Data Scientist - Deep Learning,"San Francisco, CA, US"
Alt Shift,Data Scientist,"San Francisco, CA, US"
Hoodline,Data Scientist,"San Francisco, CA, US"
Youper,Data Scientist,"San Francisco, CA, US"
Lime,Data Scientist,"San Francisco, CA, US"
Numerator,Data Scientist,"San Francisco, CA, US"
Bey,Principal Data Scientist & Data Scientist (Product Analytics) - Salary: $150 - 220K,"San Francisco, CA, US"
Adobe,Data Scientist,"San Mateo, CA, US"
Sony Playstation Network,Data Scientist,"San Francisco, CA, US"
"Wise.io, from GE Digital",Data Scientist,"San Francisco, CA, US"
Curology,Data Scientist - Marketing,"San Francisco, CA, US"
Invitae,Data Scientist,"San Francisco, CA, US"
"University of California, Berkeley",Assistant Research Data Scientist Berkeley Institute for Data Science (BIDS),"Berkeley, CA, US"
Cambly Inc.,Data Scientist,"San Francisco, CA, US"
CyberCoders,Data Scientist,"San Francisco, CA, US"
Juul,Data Scientist - Human Resources,"San Francisco, CA, US"
Blueshift,Data Scientist,"San Francisco, CA, US"
"Kanjoya, Inc",Data Scientist,"San Francisco, CA, US"
MasterClass,Data Scientist,"San Francisco, CA, US"
Expanse,Data Scientist,"San Francisco, CA, US"
Resideo,Data Scientist,"South San Francisco, CA, US"
Whole Biome,Statistical Data Engineer/Scientist,"San Francisco, CA, US"
Eaze,Data Scientist,"San Francisco, CA, US"
"University of California, Berkeley",Assistant Research Data Scientist Berkeley Institute for Data Science (BIDS),"Berkeley, CA, US"
Gap Inc.,"Associate Data Scientist, Decision Analytics","San Francisco, CA, US"
Engage Partners Inc.,Data Scientist,San Francisco Bay Area
Stella.ai,"Data Scientist, Inference","San Francisco, CA, US"
Ivy Exec,Data Scientist - Analytics,"San Francisco, CA, US"
Sony Playstation Network,Data Scientist,"San Francisco, CA, US"
One Medical,Data Scientist,"San Francisco, CA, US"
Microsoft,Data & Applied Scientist,"San Francisco, CA, US"
Stanza,Data Scientist,"San Francisco, CA, US"
"Sovrn Holdings, Inc.",Data Scientist,"San Francisco, CA, US"
BlackThorn Therapeutics,"Data Scientist, Neuroimaging","San Francisco, California, United States"
Bey,(Permanent Jobs) Principal Data Scientist with PHD & Data Scientist (Product Analytics),"San Francisco, CA, US"
Bey,Principal Data Scientist & Data Scientist (Product Analytics) - Salary: $150 - 220K,"San Francisco, CA, US"
Sony Corporation of America,Data Scientist,"San Francisco, CA, US"
Uber,Data Scientist - Forecasting and Anomaly Detection Platform,"San Francisco, CA, US"
Aktana,Data Scientist,"207 Powell St Level 8, San Francisco, CA 94102, US"
Stripe,Data Scientist,"San Francisco, CA, US"
Confidential,Data Scientist,"San Ramon, CA, US"
Adobe,Data Scientist,"San Mateo, CA, US"
Plaid,Data Scientist,"San Francisco, CA, US"
Nomis Solutions,Data Scientist,San Francisco Bay Area
"Marqeta, Inc",Data Scientist,"Oakland, CA, US"
Turo,Data Scientist,"San Francisco, CA, US"
Visa,Data Scientist,"Foster City, CA, US"
Gusto,"Data Scientist, Product Analytics","San Francisco, CA, US"
Rally Health,Data Scientist Intern,"San Francisco, CA, US"
Turo,Data Scientist,"San Francisco, CA, US"
Personal Capital,Data Scientist,"San Francisco, CA, US"
Personal Capital,Data Scientist,"Redwood Shores, CA, US"
6sense,Data Scientist,"San Francisco, CA, US"
Bey,(Permanent Jobs) Data Scientist (Product Analytics) and Principal Data Scientist - Salary: $150-220K,"San Francisco, CA, US"
PlayStation,Data Scientist,"San Francisco, CA, US"
CyberCoders,Data Scientist,"San Francisco, CA, US"
EDO,Data Scientist,"San Francisco, CA, US"
The RealReal,Data Scientist,"San Francisco, CA, US"
Glocomms,NLP Data Scientist,"San Francisco, California, United States"
Collabera Inc.,Data Scientist,"San Francisco, CA, US"
Visa,Data Scientist,"Foster City, CA, US"
Stella.ai,"Data Scientist, Inference","San Francisco, CA, US"
Stella.ai,"Data Scientist - Inference, Platform","San Francisco, CA, US"
Microsoft,Data & Applied Scientist,"San Francisco, CA, US"
Resideo,Data Scientist,"South San Francisco, CA, US"
Airbnb,"Data Scientist - Analytics, Platform","San Francisco, CA, US"
Figure,Data Scientist,"San Francisco, California, United States"
Faire,Data Scientist,"San Francisco, California, United States"
Uber,"Innovation Data Scientist, OCTO","San Francisco, CA, US"
Lime,Data Scientist,"San Francisco, CA, US"
LimeBike,Data Scientist,"San Francisco, CA, US"
"Wise.io, from GE Digital",Data Scientist,"San Francisco, CA, US"
Tubi,Data Scientist,"San Francisco, CA, US"
Mode,Data Scientist,"San Francisco, California, United States"
O'Reilly Media,Data Scientist,"Oakland, CA, US"
Slack,"Data Scientist, Lifecyle","San Francisco, CA, US"
"Scoop Technologies, Inc.",Data Scientist,"San Francisco, CA, US"
Walmart,"Senior Manager I, Data Scientist","San Bruno, CA, US"
Youper,Data Scientist,"San Francisco, CA, US"
Aktana,Data Scientist,"207 Powell St Level 8, San Francisco, CA 94102, US"
Twitter,"Data Scientist, Growth","San Francisco, CA, US"
Tubi,Data Scientist,"San Francisco, CA, US"
Eventbrite,Data Scientist - Risk & Detection,"San Francisco, CA, US"
Visa,Data Scientist,"Foster City, CA, US"
Jyve Corporation,Data Scientist,"San Francisco, CA, US"
WanderJaunt,Data Scientist,"San Francisco, CA, US"
Carbon Lighthouse,Data Scientist,"San Francisco, California"
MasterClass,Data Scientist,"San Francisco, CA, US"
Intrexon Corporation,Data Scientist/Engineer,"South San Francisco, CA, US"
Glocomms,NLP Data Scientist,"San Francisco, California, United States"
Trianz,Data Scientist,"San Francisco, CA, US"
Square,"Data Scientist, Risk","San Francisco, CA, US"
APN Consulting Inc.,Data Scientist,"San Francisco, CA, US"
Calico Life Sciences,Data Scientist,"South San Francisco, CA, US"
Slync.io,Data Scientist (Unstructured Data),"San Francisco, CA, US"
Invitae,Data Scientist,"San Francisco, CA, US"
HONOR NYC,Data Scientist,"San Francisco, CA, US"
CALM Oy,"Data Scientist, Analytics","San Francisco, CA, US"
Intrexon Corporation,Data Scientist/Engineer,"South San Francisco, CA, US"
Whole Biome,Statistical Data Scientist,"San Francisco, CA, US"
Walmart,Data Scientist (GEC11901),"San Bruno, CA, US"
Wish,Data Scientist,"San Francisco, CA, US"
Pivot Bio,Summer Data Scientist Intern,"Berkeley, CA, US"
Bey,"Principal Data Scientist & Data Scientist (Product Analytics) from E-Commerce Industry (i.e Amazon, Alibaba, Best Buy, Sephora etc.)","San Francisco, CA, US"
"Sovrn Holdings, Inc.","Data Scientist, Commerce","San Francisco, California"
Pixel Labs,Data Scientist,"San Francisco, CA, US"
States Title,Data Scientist,"San Francisco, CA, US"
Ivy Exec,Data Scientist,"San Francisco, CA, US"
OpExpert- Consulting,Principal Data Scientist,"San Francisco, CA, US"
RiskIQ,Data Scientist,"San Francisco, CA, US"
Invitae,Data Scientist,"San Francisco, CA, US"
Spin,Data Scientist,"San Francisco, CA, US"
Square,"Data Scientist, Intern","San Francisco, CA, US"
The Climate Corporation,Data Scientist - Deep Learning,"San Francisco, CA, US"
1Life Software,Data Scientist,"San Francisco, CA, US"
TrueAccord,Data Scientist,"San Francisco, CA, US"
Gap Inc.,"Associate Data Scientist, Decision Analytics","San Francisco, CA, US"
Eaze,Data Scientist,"San Francisco, CA, US"
RelayRides,Data Scientist,"San Francisco, CA, US"
SHIFT.com,Data Scientist,"San Francisco, CA, US"
Frederick National Laboratory for Cancer Research,Drug Discovery Data Scientist,"San Francisco, CA, US"
eero,Data Scientist,"San Francisco, CA, US"
One Medical,Data Scientist,"San Francisco, CA, US"
Calm,"Data Scientist, Analytics","140 2nd Street, San Francisco, CA 94105, US"
Jyve Corporation,Data Scientist,"San Francisco, CA, US"
Stella.ai,"Data Scientist, Product analytics","San Francisco, CA, US"
Ridecell,Data Scientist,"San Francisco, CA, US"
eero,Data Scientist,"San Francisco, CA, US"
Compass Consulting,Data Scientist I,"San Francisco, CA, US"
Medal,BioMedical Data Scientist,"San Francisco, CA, US"
Coherent Inc.,Data Scientist,"Richmond, CA, US"
BlackThorn Therapeutics,"Data Scientist, Neuroimaging","San Francisco, California, United States"
Stripe,Data Scientist,"San Francisco, CA, US"
"InfoSmart Technologies,Inc.",Data Scientist,"South San Francisco, CA, US"
Wag Labs Inc.,Data Scientist Growth Analytics,"San Francisco, CA, US"
Youper,Data Scientist - San Francisco,"San Francisco, CA, US"
Pivot Bio,Summer Data Scientist Intern,"Berkeley, CA, US"
Yelp,Applied Data Scientist,"San Francisco, CA, US"
"Forethought Financial Group, Inc.",Data Scientist,"San Francisco, CA, US"
Bey,(Permanent Job) Data Scientist Product Analytics,"San Francisco, CA, US"
Nisum,Data Scientist,San Francisco Bay Area
Wilton & Bain,NLP Data Scientist,"San Francisco, California, United States"
Square,"Data Scientist, Risk","San Francisco, CA, US"
Gusto,"Data Scientist, Product Analytics","San Francisco, CA, US"
Walmart,"Senior Manager I, Data Scientist","San Bruno, CA, US"
Smith Hanley Associates,Principal Data Scientist,"San Francisco, California"
Siren,Data Scientist,"San Francisco, CA, US"
Coinbase,Data Scientist,"San Francisco, CA, US"
Asana,"Data Scientist, Marketing","San Francisco, CA, US"
Sony Playstation Network,Data Scientist,"San Francisco, CA, US"
Bey,Principal Data Scientist & Data Scientist (Product Analytics) - Salary: $150 - 220K,"San Francisco, CA, US"
Square,"Data Scientist, Intern","San Francisco, CA, US"
Youper,Data Scientist - San Francisco,"San Francisco, CA, US"
Uber,Data Scientist - Forecasting and Anomaly Detection Platform,"San Francisco, CA, US"
Stella.ai,"Data Scientist, Product analytics","San Francisco, CA, US"
Airbnb,"Data Scientist - Analytics, Worldwide Sales","San Francisco, CA, US"
Wag Labs Inc.,Lead Data Scientist,"San Francisco, California, United States"
Bey,(Permanent Jobs) Data Scientist (Product Analytics) and Principal Data Scientist - Salary: $150-220K,"San Francisco, CA, US"
Whole Biome,Statistical Data Scientist,"San Francisco, CA, US"
Stella.ai,"Data Scientist - Inference, Platform","San Francisco, CA, US"
Uber,Data Scientist - Policy Economics,"San Francisco, CA, US"
Airbnb,"Data Scientist - Inference, Platform","San Francisco, CA, US"
Square,"Data Scientist, Cash App","San Francisco, CA, US"
K Tek Resourcing LLC,Data Scientist,"San Francisco, CA, US"
Bey,"Principal Data Scientist & Data Scientist (Product Analytics) from E-Commerce Industry (i.e Amazon, Alibaba, Best Buy, Sephora etc.)","San Francisco, CA, US"
Uber,2019 PhD University Graduate - Data Scientist - Applied Behavioral Science,"San Francisco, CA, US"
Stella.ai,"Data Scientist, Recommendation and Ranking","San Francisco, CA, US"
Carbon Lighthouse,Data Scientist,"San Francisco, California"
Bey,(Permanent Job) Data Scientist Product Analytics,"San Francisco, CA, US"
Uber,Data Scientist - Matching,"San Francisco, CA, US"
Pixel Labs,Data Scientist,"San Francisco, CA, US"
Bey,"(Permanent Job) Principal Data Scientist with Quantitative Trading Algorithms, Machine Learning, Big Data, Data Modeling","San Francisco, CA, US"
Uber,2019 PhD Data Scientist Internship - Risk,"San Francisco, CA, US"
Ivy Exec,Data Scientist,"San Francisco, CA, US"
Ivy Exec,Data Scientist - Operations,"San Francisco, CA, US"
Confidential,Data Scientist,"San Ramon, CA, US"
"Sovrn Holdings, Inc.","Data Scientist, Commerce","San Francisco, California"
Whole Biome,Statistical Data Engineer/Scientist,"San Francisco, CA, US"
LimeBike,Data Scientist,"San Francisco, CA, US"
Ivy Exec,Data Scientist - Analytics,"San Francisco, CA, US"
Juul,Data Scientist - Human Resources,"San Francisco, CA, US"
Frederick National Laboratory for Cancer Research,Drug Discovery Data Scientist,"San Francisco, CA, US"
Tulip Cremation,Data Science Internship,"San Francisco, CA, US"
Bey,Principal Data Scientist & Data Scientist (Product Analytics) - Salary: $150 - 220K,"San Francisco, CA, US"
CyberCoders,Data Scientist,"San Francisco, CA, US"
Bey,"(Permanent Job) Principal Data Scientist with Quantitative Trading Algorithms, Machine Learning, Big Data, Data Modeling","San Francisco, CA, US"
Bey,"Principal Data Scientist & Data Scientist (Product Analytics) from E-Commerce Industry (i.e Amazon, Alibaba, Best Buy, Sephora etc.)","San Francisco, CA, US"
Bey,Principal Data Scientist & Data Scientist (Product Analytics) - Salary: $150 - 220K,"San Francisco, CA, US"
CyberCoders,Data Scientist,"San Francisco, CA, US"
Intelletec,Data Scientist,"San Mateo, CA, US"
Youper,Data Scientist,"San Francisco, CA, US"
Youper,Data Scientist,"San Francisco, CA, US"
Collabera Inc.,Data Scientist,"San Francisco, CA, US"
Personal Capital,Data Scientist,"Redwood Shores, CA, US"
O'Reilly Media,Data Scientist,"San Francisco, CA, US"
Youper,Data Scientist,"San Francisco, CA, US"
StubHub,"Data Scientist, Product analytics",San Francisco Bay Area
SoFi,"Director, Data Science","San Francisco, CA, US"
Carbon Lighthouse,Data Scientist,"San Francisco, California"
Bey,(Permanent Job) Data Scientist Product Analytics,"San Francisco, CA, US"
Uber,Data Scientist - Matching,"San Francisco, CA, US"
Stella.ai,Security Data Scientist,"San Francisco, CA, US"
Airbnb,"Data Scientist - Algorithms, Trust","San Francisco, CA, US"
Pixel Labs,Data Scientist,"San Francisco, CA, US"
Dropbox,Security Data Scientist,"San Francisco, CA, US"
"University of California, Berkeley",Assistant Research Data Scientist Berkeley Institute for Data Science (BIDS),"Berkeley, CA, US"
Bey,"(Permanent Job) Principal Data Scientist with Quantitative Trading Algorithms, Machine Learning, Big Data, Data Modeling","San Francisco, CA, US"
Uber,2019 PhD Data Scientist Internship - Risk,"San Francisco, CA, US"
Stella.ai,"Data Scientist - Analytics, Worldwide Sales","San Francisco, CA, US"
Ivy Exec,Data Scientist,"San Francisco, CA, US"
Uber,"Data Scientist - Machine Learning, Global Intelligence","San Francisco, CA, US"
Stanza,Data Scientist,"San Francisco, CA, US"
Uber,Behavioral Data Scientist,"San Francisco, CA, US"
Ivy Exec,Data Scientist - Operations,"San Francisco, CA, US"
Amazon,"Data Scientist, Music Data Quality","San Francisco, CA, US"
CyberCoders,"Data Scientist - Machine Learning, Natural Language Processing","San Francisco, CA, US"
Uber,Data Scientist - Policy Economics,"San Francisco, CA, US"
Confidential,Data Scientist,"San Ramon, CA, US"
"Sovrn Holdings, Inc.","Data Scientist, Commerce","San Francisco, California"
Whole Biome,Statistical Data Engineer/Scientist,"San Francisco, CA, US"
LimeBike,Data Scientist,"San Francisco, CA, US"
Ivy Exec,Data Scientist - Analytics,"San Francisco, CA, US"
Juul,Data Scientist - Human Resources,"San Francisco, CA, US"
Frederick National Laboratory for Cancer Research,Drug Discovery Data Scientist,"San Francisco, CA, US"
Tulip Cremation,Data Science Internship,"San Francisco, CA, US"
Whole Biome,R&D Data Scientist Developer,"San Francisco, CA, US"
Ivy Exec,Data Scientist - Time Series Modeling,"San Francisco, CA, US"
Ivy Exec,Data Scientist - Strategic Analytics,"San Francisco, CA, US"
Ivy Exec,Data Scientist - Disease Genomics,"San Francisco, CA, US"
Data Robot,Customer Facing Data Scientist,"San Francisco, CA, US"
Bey,Principal Data Scientist & Data Scientist (Product Analytics) - Salary: $150 - 220K,"San Francisco, CA, US"
Bey,"(Permanent Job) Principal Data Scientist with Quantitative Trading Algorithms, Machine Learning, Big Data, Data Modeling","San Francisco, CA, US"
Bey,"Principal Data Scientist & Data Scientist (Product Analytics) from E-Commerce Industry (i.e Amazon, Alibaba, Best Buy, Sephora etc.)","San Francisco, CA, US"
Bey,Principal Data Scientist & Data Scientist (Product Analytics) - Salary: $150 - 220K,"San Francisco, CA, US"
Intelletec,Data Scientist,"San Mateo, CA, US"
CyberCoders,Data Scientist,"San Francisco, CA, US"
CyberCoders,Data Scientist,"San Francisco, CA, US"
VelvetJobs,Data Scientist,"Foster City, CA, US"
Youper,Data Scientist,"San Francisco, CA, US"
Youper,Data Scientist,"San Francisco, CA, US"
Clarivate Analytics,Principal Data Scientist,"San Francisco, CA, US"
Collabera Inc.,Data Scientist,"San Francisco, CA, US"
StubHub,"Data Scientist, Product analytics",San Francisco Bay Area
SoFi,"Director, Data Science","San Francisco, CA, US"
Youper,Data Scientist,"San Francisco, CA, US"
O'Reilly Media,Data Scientist,"San Francisco, CA, US"
Personal Capital,Data Scientist,"Redwood Shores, CA, US"
Square,"Data Scientist, Point of Sale & Customers","San Francisco, CA, US"
Airbnb,"Data Scientist - Inference, Pro Host","San Francisco, CA, US"
Carbon Lighthouse,Data Scientist,"San Francisco, California"
SHIFT.com,Data Scientist,"San Francisco, CA, US"
Magoosh,"Data Scientist, Analytics","Berkeley, CA, US"
Bey,"(Permanent Job) Principal Data Scientist with Quantitative Trading Algorithms, Machine Learning, Big Data, Data Modeling","San Francisco, CA, US"
Uber,2019 PhD Data Scientist Internship - Risk,"San Francisco, CA, US"
Verily Life Sciences,"Data Scientist, Motion","South San Francisco, CA, US"
Cisco Meraki,"Director, Data Science & Analytics","San Francisco, CA, US"
Stella.ai,"Data Scientist - Analytics, Worldwide Sales","San Francisco, CA, US"
Ivy Exec,Data Scientist,"San Francisco, CA, US"
Uber,"Data Scientist - Machine Learning, Global Intelligence","San Francisco, CA, US"
Stella.ai,"Data Scientist - Analytics, Payments","San Francisco, CA, US"
Stanza,Data Scientist,"San Francisco, CA, US"
Uber,Behavioral Data Scientist,"San Francisco, CA, US"
Stella.ai,"Data Scientist - Inference, Pro Host","San Francisco, CA, US"
Ivy Exec,Data Scientist - Operations,"San Francisco, CA, US"
Uber,Data Scientist | Rider Growth,"San Francisco, CA, US"
Confidential,Data Scientist,"San Ramon, CA, US"
"Sovrn Holdings, Inc.","Data Scientist, Commerce","San Francisco, California"
Whole Biome,Statistical Data Engineer/Scientist,"San Francisco, CA, US"
LimeBike,Data Scientist,"San Francisco, CA, US"
Ivy Exec,Data Scientist - Analytics,"San Francisco, CA, US"
Juul,Data Scientist - Human Resources,"San Francisco, CA, US"
Frederick National Laboratory for Cancer Research,Drug Discovery Data Scientist,"San Francisco, CA, US"
Tulip Cremation,Data Science Internship,"San Francisco, CA, US"
Whole Biome,R&D Data Scientist Developer,"San Francisco, CA, US"
Ivy Exec,Data Scientist - Strategic Analytics,"San Francisco, CA, US"
Ivy Exec,Data Scientist - Disease Genomics,"San Francisco, CA, US"
Ivy Exec,Data Scientist - Time Series Modeling,"San Francisco, CA, US"
Data Robot,Customer Facing Data Scientist,"San Francisco, CA, US"
Whole Biome,Metabolic Pathways Genomics Data Scientist,"San Francisco, CA, US"
Bey,Principal Data Scientist & Data Scientist (Product Analytics) - Salary: $150 - 220K,"San Francisco, CA, US"
Bey,"(Permanent Job) Principal Data Scientist with Quantitative Trading Algorithms, Machine Learning, Big Data, Data Modeling","San Francisco, CA, US"
CyberCoders,Data Scientist,"San Francisco, CA, US"
VelvetJobs,Data Scientist,"Foster City, CA, US"
Bey,Principal Data Scientist & Data Scientist (Product Analytics) - Salary: $150 - 220K,"San Francisco, CA, US"
Bey,"Principal Data Scientist & Data Scientist (Product Analytics) from E-Commerce Industry (i.e Amazon, Alibaba, Best Buy, Sephora etc.)","San Francisco, CA, US"
CyberCoders,Data Scientist,"San Francisco, CA, US"
Intelletec,Data Scientist,"San Mateo, CA, US"
Youper,Data Scientist,"San Francisco, CA, US"
Youper,Data Scientist,"San Francisco, CA, US"
Collabera Inc.,Data Scientist,"San Francisco, CA, US"
Personal Capital,Data Scientist,"Redwood Shores, CA, US"
Davis Innovators,Data Scientist,"Redwood City, CA, US"
O'Reilly Media,Data Scientist,"San Francisco, CA, US"
Youper,Data Scientist,"San Francisco, CA, US"
StubHub,"Data Scientist, Product analytics",San Francisco Bay Area
SoFi,"Director, Data Science","San Francisco, CA, US"
Uber,2019 PhD Data Scientist Internship - Risk,"San Francisco, CA, US"
Stella.ai,"Data Scientist - Analytics, Payments","San Francisco, CA, US"
Stanza,Data Scientist,"San Francisco, CA, US"
Uber,Behavioral Data Scientist,"San Francisco, CA, US"
Stella.ai,"Data Scientist - Inference, Pro Host","San Francisco, CA, US"
Ivy Exec,Data Scientist - Operations,"San Francisco, CA, US"
Uber,Data Scientist | Rider Growth,"San Francisco, CA, US"
Confidential,Data Scientist,"San Ramon, CA, US"
Uber,"2019 PhD Data Scientist Internship - Public Policy, Research & Economics","San Francisco, CA, US"
"Sovrn Holdings, Inc.","Data Scientist, Commerce","San Francisco, California"
Uber,2019 University Graduate - Data Scientist - Research & Economics,"San Francisco, CA, US"
Whole Biome,Statistical Data Engineer/Scientist,"San Francisco, CA, US"
LimeBike,Data Scientist,"San Francisco, CA, US"
Ivy Exec,Data Scientist - Analytics,"San Francisco, CA, US"
Juul,Data Scientist - Human Resources,"San Francisco, CA, US"
Frederick National Laboratory for Cancer Research,Drug Discovery Data Scientist,"San Francisco, CA, US"
Tulip Cremation,Data Science Internship,"San Francisco, CA, US"
Whole Biome,R&D Data Scientist Developer,"San Francisco, CA, US"
Ivy Exec,Data Scientist - Time Series Modeling,"San Francisco, CA, US"
Ivy Exec,Data Scientist - Strategic Analytics,"San Francisco, CA, US"
Ivy Exec,Data Scientist - Disease Genomics,"San Francisco, CA, US"
Data Robot,Customer Facing Data Scientist,"San Francisco, CA, US"
Whole Biome,Metabolic Pathways Genomics Data Scientist,"San Francisco, CA, US"
Ivy Exec,"Manager, Data Scientist - Brighterion","San Francisco, CA, US"
Juul Labs,Data Scientist - Human Resources,"San Francisco, CA, US"
"NGM Biopharmaceuticals, Inc.",Biologist/Data Scientist,"San Francisco, CA, US"
Ivy Exec,Data Scientist,"Redwood City, CA, US"
Bey,Principal Data Scientist & Data Scientist (Product Analytics) - Salary: $150 - 220K,"San Francisco, CA, US"
Bey,"(Permanent Job) Principal Data Scientist with Quantitative Trading Algorithms, Machine Learning, Big Data, Data Modeling","San Francisco, CA, US"
CyberCoders,Data Scientist,"San Francisco, CA, US"
VelvetJobs,Data Scientist,"Foster City, CA, US"
Accenture,Healthcare Payer Data Scientist Consultant,"San Francisco, CA, US"
Bey,Principal Data Scientist & Data Scientist (Product Analytics) - Salary: $150 - 220K,"San Francisco, CA, US"
Bey,"Principal Data Scientist & Data Scientist (Product Analytics) from E-Commerce Industry (i.e Amazon, Alibaba, Best Buy, Sephora etc.)","San Francisco, CA, US"
CyberCoders,Data Scientist,"San Francisco, CA, US"
Intelletec,Data Scientist,"San Mateo, CA, US"
Youper,Data Scientist,"San Francisco, CA, US"
On Time Talent Solutions,Data Scientist III - San Francisco,"San Francisco, CA, US"
Youper,Data Scientist,"San Francisco, CA, US"
Davis Innovators,Data Scientist,"Redwood City, CA, US"
Collabera Inc.,Data Scientist,"San Francisco, CA, US"
Personal Capital,Data Scientist,"Redwood Shores, CA, US"
Youper,Data Scientist,"San Francisco, CA, US"
Davis Innovators,Data Scientist,"Redwood City, CA, US"
Big Cloud,Data Scientist,"Redwood City, California"
SoFi,"Director, Data Science","San Francisco, CA, US"
O'Reilly Media,Data Scientist,"San Francisco, CA, US"
Big Cloud,Data Scientist,"Redwood City, California"
StubHub,"Data Scientist, Product analytics",San Francisco Bay Area
Uber,"2019 PhD Data Scientist Internship - Public Policy, Research & Economics","San Francisco, CA, US"
Stella.ai,"Data Scientist - Strategic Analytics, Experiences","San Francisco, CA, US"
"Sovrn Holdings, Inc.","Data Scientist, Commerce","San Francisco, California"
Uber,2019 University Graduate - Data Scientist - Research & Economics,"San Francisco, CA, US"
Whole Biome,Statistical Data Engineer/Scientist,"San Francisco, CA, US"
LimeBike,Data Scientist,"San Francisco, CA, US"
Ivy Exec,Data Scientist - Analytics,"San Francisco, CA, US"
Juul,Data Scientist - Human Resources,"San Francisco, CA, US"
Rakuten Intelligence,Data Scientist / Machine Learning Engineer - Classification Science,"San Mateo, CA, US"
KDnuggets,Ten-X: Data Scientist - San Mateo,"San Mateo, CA, US"
Frederick National Laboratory for Cancer Research,Drug Discovery Data Scientist,"San Francisco, CA, US"
Tulip Cremation,Data Science Internship,"San Francisco, CA, US"
Whole Biome,R&D Data Scientist Developer,"San Francisco, CA, US"
Ivy Exec,Data Scientist - Time Series Modeling,"San Francisco, CA, US"
Ivy Exec,Data Scientist - Strategic Analytics,"San Francisco, CA, US"
Ivy Exec,Data Scientist - Disease Genomics,"San Francisco, CA, US"
Data Robot,Customer Facing Data Scientist,"San Francisco, CA, US"
Whole Biome,Metabolic Pathways Genomics Data Scientist,"San Francisco, CA, US"
"NGM Biopharmaceuticals, Inc.",Biologist/Data Scientist,"San Francisco, CA, US"
Ivy Exec,"Manager, Data Scientist - Brighterion","San Francisco, CA, US"
Juul Labs,Data Scientist - Human Resources,"San Francisco, CA, US"
Top Hedge Fund,Quantitative Analyst/Data Scientist,"San Francisco, California, United States"
Snowflake Computing,Data Scientist,"San Mateo, CA, US"
Brex,Data Analyst,"San Francisco, CA, US"
Whole Biome,R&D Data Scientist Developer,"San Francisco, CA, US"
Ivy Exec,Data Scientist,"Redwood City, CA, US"
Bey,Principal Data Scientist & Data Scientist (Product Analytics) - Salary: $150 - 220K,"San Francisco, CA, US"
Bey,"(Permanent Job) Principal Data Scientist with Quantitative Trading Algorithms, Machine Learning, Big Data, Data Modeling","San Francisco, CA, US"
CyberCoders,Data Scientist,"San Francisco, CA, US"
VelvetJobs,Data Scientist,"Foster City, CA, US"
Accenture,Healthcare Payer Data Scientist Consultant,"San Francisco, CA, US"
Bey,Principal Data Scientist & Data Scientist (Product Analytics) - Salary: $150 - 220K,"San Francisco, CA, US"
Bey,"Principal Data Scientist & Data Scientist (Product Analytics) from E-Commerce Industry (i.e Amazon, Alibaba, Best Buy, Sephora etc.)","San Francisco, CA, US"
CyberCoders,Data Scientist,"San Francisco, CA, US"
Intelletec,Data Scientist,"San Mateo, CA, US"
Youper,Data Scientist,"San Francisco, CA, US"
On Time Talent Solutions,Data Scientist III - San Francisco,"San Francisco, CA, US"
Youper,Data Scientist,"San Francisco, CA, US"
Davis Innovators,Data Scientist,"Redwood City, CA, US"
Collabera Inc.,Data Scientist,"San Francisco, CA, US"
Personal Capital,Data Scientist,"Redwood Shores, CA, US"
Youper,Data Scientist,"San Francisco, CA, US"
Davis Innovators,Data Scientist,"Redwood City, CA, US"
Big Cloud,Data Scientist,"Redwood City, California"
Metabiota,Modeler/Data Scientist - San Francisco,"San Francisco, CA, US"
SoFi,"Director, Data Science","San Francisco, CA, US"
O'Reilly Media,Data Scientist,"San Francisco, CA, US"
Big Cloud,Data Scientist,"Redwood City, California"
StubHub,"Data Scientist, Product analytics",San Francisco Bay Area
Whole Biome,R&D Data Scientist Developer,"San Francisco, CA, US"
"AURA, s.r.o.",Senior Risk & Data Analyst,"San Francisco, CA, US"
Six Spoke Media,Data Scientist for Digital Marketing Agency,"San Francisco, CA, US"
Ivy Exec,Data Scientist - Time Series Modeling,"San Francisco, CA, US"
Ivy Exec,Data Scientist - Strategic Analytics,"San Francisco, CA, US"
Ivy Exec,Data Scientist - Disease Genomics,"San Francisco, CA, US"
Kiva,Director of Data Science,"San Francisco, CA, US"
DocuSign,"Director, Data Science","San Francisco, CA, US"
Lygos,Machine Learning and Bioinformatics Scientist,"Berkeley, CA, US"
Data Robot,Customer Facing Data Scientist,"San Francisco, CA, US"
Whole Biome,Metabolic Pathways Genomics Data Scientist,"San Francisco, CA, US"
Ivy Exec,"Manager, Data Scientist - Brighterion","San Francisco, CA, US"
Juul Labs,Data Scientist - Human Resources,"San Francisco, CA, US"
"NGM Biopharmaceuticals, Inc.",Biologist/Data Scientist,"San Francisco, CA, US"
Top Hedge Fund,Quantitative Analyst/Data Scientist,"San Francisco, California, United States"
Snowflake Computing,Data Scientist,"San Mateo, CA, US"
Brex,Data Analyst,"San Francisco, CA, US"
Snowflake Computing,"Data Scientist, Finance","San Mateo, CA, US"
Swish Analytics,Senior Data Scientist,"San Francisco, California"
Chan Zuckerberg,"Data Scientist, Meta","Redwood City, CA, US"
Plato,Data Analyst / Scientist [Full-time],"San Francisco, CA, US"
FortressIQ,Data Scientist - Generalist,"San Francisco, CA, US"
Whole Biome,R&D Data Scientist Developer,"San Francisco, CA, US"
Ivy Exec,Data Scientist,"Redwood City, CA, US"
"NGM Biopharmaceuticals, Inc.",Biologist/Data Scientist,"South San Francisco, CA, US"
Bey,Principal Data Scientist & Data Scientist (Product Analytics) - Salary: $150 - 220K,"San Francisco, CA, US"
Bey,"(Permanent Job) Principal Data Scientist with Quantitative Trading Algorithms, Machine Learning, Big Data, Data Modeling","San Francisco, CA, US"
Intelletec,Data Scientist,"San Mateo, CA, US"
Bey,Principal Data Scientist & Data Scientist (Product Analytics) - Salary: $150 - 220K,"San Francisco, CA, US"
Bey,"Principal Data Scientist & Data Scientist (Product Analytics) from E-Commerce Industry (i.e Amazon, Alibaba, Best Buy, Sephora etc.)","San Francisco, CA, US"
CyberCoders,Data Scientist,"San Francisco, CA, US"
VelvetJobs,Data Scientist,"Foster City, CA, US"
Accenture,Healthcare Payer Data Scientist Consultant,"San Francisco, CA, US"
CyberCoders,Data Scientist,"San Francisco, CA, US"
Youper,Data Scientist,"San Francisco, CA, US"
Youper,Data Scientist,"San Francisco, CA, US"
Clarivate Analytics,Principal Data Scientist,"San Francisco, CA, US"
Davis Innovators,Data Scientist,"Redwood City, CA, US"
Big Cloud,Data Scientist,"Redwood City, California"
Collabera Inc.,Data Scientist,"San Francisco, CA, US"
Big Cloud,Data Scientist,"Redwood City, California"
StubHub,"Data Scientist, Product Analytics",San Francisco Bay Area
SoFi,"Director, Data Science","San Francisco, CA, US"
Youper,Data Scientist,"San Francisco, CA, US"
On Time Talent Solutions,Data Scientist III - San Francisco,"San Francisco, CA, US"
On Time Talent Solutions,Data Scientist III - San Francisco,"San Francisco, CA, US"
Davis Innovators,Data Scientist,"Redwood City, CA, US"
O'Reilly Media,Data Scientist,"San Francisco, CA, US"
Personal Capital,Data Scientist,"Redwood Shores, CA, US"
Expanse,Director of Data Science,"San Francisco, CA, US"
Walmart,Staff Data Scientist,"San Bruno, CA, US"
Ivy Exec,Data Scientist - Time Series Modeling,"San Francisco, CA, US"
Ivy Exec,Data Scientist - Strategic Analytics,"San Francisco, CA, US"
Ivy Exec,Data Scientist - Disease Genomics,"San Francisco, CA, US"
Data Robot,Customer Facing Data Scientist,"San Francisco, CA, US"
Whole Biome,Metabolic Pathways Genomics Data Scientist,"San Francisco, CA, US"
Ivy Exec,"Manager, Data Scientist - Brighterion","San Francisco, CA, US"
Juul Labs,Data Scientist - Human Resources,"San Francisco, CA, US"
"NGM Biopharmaceuticals, Inc.",Biologist/Data Scientist,"San Francisco, CA, US"
Top Hedge Fund,Quantitative Analyst/Data Scientist,"San Francisco, California, United States"
Snowflake Computing,Data Scientist,"San Mateo, CA, US"
Brex,Data Analyst,"San Francisco, CA, US"
Snowflake Computing,"Data Scientist, Finance","San Mateo, CA, US"
EY,Senior Consultant - Data and Analytics - Big Data - Data Architecture and Integration,"San Francisco, CA, US"
Scoot Networks,Senior Data Scientist,"San Francisco, CA, US"
Swish Analytics,Senior Data Scientist,"San Francisco, California"
Chan Zuckerberg,"Data Scientist, Meta","Redwood City, CA, US"
Plato,Data Analyst / Scientist [Full-time],"San Francisco, CA, US"
FortressIQ,Data Scientist - Generalist,"San Francisco, CA, US"
Juul,Senior Director of Data Science & Analytics - Supply & Operations,"San Francisco, CA, US"
Juul Labs,Senior Director of Data Science & Analytics - Supply & Operations,"San Francisco, CA, US"
Pathrise,"Partner, Data Science","San Francisco, CA, US"
Whole Biome,R&D Data Scientist Developer,"San Francisco, CA, US"
Ivy Exec,Data Scientist,"Redwood City, CA, US"
Bey,Principal Data Scientist & Data Scientist (Product Analytics) - Salary: $150 - 220K,"San Francisco, CA, US"
Bey,"(Permanent Job) Principal Data Scientist with Quantitative Trading Algorithms, Machine Learning, Big Data, Data Modeling","San Francisco, CA, US"
CyberCoders,Data Scientist,"San Francisco, CA, US"
VelvetJobs,Data Scientist,"Foster City, CA, US"
Accenture,Healthcare Payer Data Scientist Consultant,"San Francisco, CA, US"
Bey,Principal Data Scientist & Data Scientist (Product Analytics) - Salary: $150 - 220K,"San Francisco, CA, US"
Bey,"Principal Data Scientist & Data Scientist (Product Analytics) from E-Commerce Industry (i.e Amazon, Alibaba, Best Buy, Sephora etc.)","San Francisco, CA, US"
CyberCoders,Data Scientist,"San Francisco, CA, US"
On Time Talent Solutions,Data Scientist III - San Francisco,"San Francisco, CA, US"
Intelletec,Data Scientist,"San Mateo, CA, US"
Youper,Data Scientist,"San Francisco, CA, US"
On Time Talent Solutions,Data Scientist III - San Francisco,"San Francisco, CA, US"
Youper,Data Scientist,"San Francisco, CA, US"
Davis Innovators,Data Scientist,"Redwood City, CA, US"
Collabera Inc.,Data Scientist,"San Francisco, CA, US"
Personal Capital,Data Scientist,"Redwood Shores, CA, US"
Youper,Data Scientist,"San Francisco, CA, US"
Davis Innovators,Data Scientist,"Redwood City, CA, US"
Big Cloud,Data Scientist,"Redwood City, California"
Metabiota,Modeler/Data Scientist - San Francisco,"San Francisco, CA, US"
SoFi,"Director, Data Science","San Francisco, CA, US"
O'Reilly Media,Data Scientist,"San Francisco, CA, US"
Big Cloud,Data Scientist,"Redwood City, California"
StubHub,"Data Scientist, Product analytics",San Francisco Bay Area
Ivy Exec,Data Scientist - Time Series Modeling,"San Francisco, CA, US"
Ivy Exec,Data Scientist - Disease Genomics,"San Francisco, CA, US"
Ivy Exec,Data Scientist - Strategic Analytics,"San Francisco, CA, US"
Lyft,Data Scientist,"San Francisco, CA, US"
Magoosh,"Data Scientist, Analytics","Berkeley, CA, US"
Data Robot,Customer Facing Data Scientist,"San Francisco, CA, US"
Whole Biome,Metabolic Pathways Genomics Data Scientist,"San Francisco, CA, US"
"NGM Biopharmaceuticals, Inc.",Biologist/Data Scientist,"San Francisco, CA, US"
Ivy Exec,"Manager, Data Scientist - Brighterion","San Francisco, CA, US"
Juul Labs,Data Scientist - Human Resources,"San Francisco, CA, US"
Top Hedge Fund,Quantitative Analyst/Data Scientist,"San Francisco, California, United States"
Snowflake Computing,Data Scientist,"San Mateo, CA, US"
Brex,Data Analyst,"San Francisco, CA, US"
Snowflake Computing,"Data Scientist, Finance","San Mateo, CA, US"
Swish Analytics,Senior Data Scientist,"San Francisco, California"
Chan Zuckerberg,"Data Scientist, Meta","Redwood City, CA, US"
Plato,Data Analyst / Scientist [Full-time],"San Francisco, CA, US"
FortressIQ,Data Scientist - Generalist,"San Francisco, CA, US"
Juul Labs,Senior Director of Data Science & Analytics - Supply & Operations,"San Francisco, CA, US"
Juul,Senior Director of Data Science & Analytics - Supply & Operations,"San Francisco, CA, US"
Pathrise,"Partner, Data Science","San Francisco, CA, US"
Third Love,Data Science - Marketing and Customer Analytics,"San Francisco, CA, US"
Ivy Exec,Director - Data Science Growth,"San Francisco, CA, US"
Juul,Senior Data Scientist - Analytics,"San Francisco, CA, US"
Whole Biome,R&D Data Scientist Developer,"San Francisco, CA, US"
CyberCoders,Data Scientist,"San Francisco, CA, US"
VelvetJobs,Data Scientist,"Foster City, CA, US"
Accenture,Healthcare Payer Data Scientist Consultant,"San Francisco, CA, US"
Bey,Principal Data Scientist & Data Scientist (Product Analytics) - Salary: $150 - 220K,"San Francisco, CA, US"
Bey,"Principal Data Scientist & Data Scientist (Product Analytics) from E-Commerce Industry (i.e Amazon, Alibaba, Best Buy, Sephora etc.)","San Francisco, CA, US"
CyberCoders,Data Scientist,"San Francisco, CA, US"
Harnham,Senior Data Scientist,San Francisco Bay Area
Intelletec,Data Scientist,"San Mateo, CA, US"
Youper,Data Scientist,"San Francisco, CA, US"
On Time Talent Solutions,Data Scientist III - San Francisco,"San Francisco, CA, US"
Youper,Data Scientist,"San Francisco, CA, US"
Perficient,Senior Data Analyst,"San Francisco, CA, US"
Collabera Inc.,Data Scientist,"San Francisco, CA, US"
Davis Innovators,Data Scientist,"Redwood City, CA, US"
Davis Innovators,Data Scientist,"Redwood City, CA, US"
Personal Capital,Data Scientist,"Redwood Shores, CA, US"
Youper,Data Scientist,"San Francisco, CA, US"
On Time Talent Solutions,Data Scientist III - San Francisco,"San Francisco, CA, US"
Davis Innovators,Data Scientist,"Redwood City, CA, US"
Big Cloud,Data Scientist,"Redwood City, California"
Metabiota,Modeler/Data Scientist - San Francisco,"San Francisco, CA, US"
Big Cloud,Data Scientist,"Redwood City, California"
SoFi,"Director, Data Science","San Francisco, CA, US"
O'Reilly Media,Data Scientist,"San Francisco, CA, US"
StubHub,"Data Scientist, Product analytics",San Francisco Bay Area
Swish Analytics,Senior Data Scientist,"San Francisco, California"
Chan Zuckerberg,"Data Scientist, Meta","Redwood City, CA, US"
Plato,Data Analyst / Scientist [Full-time],"San Francisco, CA, US"
FortressIQ,Data Scientist - Generalist,"San Francisco, CA, US"
Juul,Senior Director of Data Science & Analytics - Supply & Operations,"San Francisco, CA, US"
Juul Labs,Senior Director of Data Science & Analytics - Supply & Operations,"San Francisco, CA, US"
Pathrise,"Partner, Data Science","San Francisco, CA, US"
"NGM Biopharmaceuticals, Inc.",Biologist/Data Scientist,"South San Francisco, CA, US"
Third Love,Data Science - Marketing and Customer Analytics,"San Francisco, CA, US"
Ivy Exec,Director - Data Science Growth,"San Francisco, CA, US"
Juul,Senior Data Scientist - Analytics,"San Francisco, CA, US"
Collectively Inc,Marketing Data Analyst,"San Francisco, California"
Radius AI,Data Science Engineering,"San Francisco, CA, US"
Accenture,Data Science Consultant,"San Francisco, CA, US"
Publicis Spine,Lead Data Scientist,"San Francisco, CA, US"
Ivy Exec,Data Science Consultant,"San Francisco, CA, US"
UNIDIA LLC,Big Data Engineer,"San Francisco, CA, US"
Juul,Senior Data Scientist - Product,"San Francisco, CA, US"
Juul Labs,Senior Data Scientist - Product,"San Francisco, CA, US"
Juul Labs,Senior Data Scientist - Analytics,"San Francisco, CA, US"
Whole Biome,R&D Data Scientist Developer,"San Francisco, CA, US"
Ivy Exec,Data Scientist,"Redwood City, CA, US"
Bey,Principal Data Scientist & Data Scientist (Product Analytics) - Salary: $150 - 220K,"San Francisco, CA, US"
Bey,"(Permanent Job) Principal Data Scientist with Quantitative Trading Algorithms, Machine Learning, Big Data, Data Modeling","San Francisco, CA, US"
CyberCoders,Data Scientist,"San Francisco, CA, US"
Bey,Principal Data Scientist & Data Scientist (Product Analytics) - Salary: $150 - 220K,"San Francisco, CA, US"
Intelletec,Data Scientist,"San Mateo, CA, US"
Bey,"Principal Data Scientist & Data Scientist (Product Analytics) from E-Commerce Industry (i.e Amazon, Alibaba, Best Buy, Sephora etc.)","San Francisco, CA, US"
CyberCoders,Data Scientist,"San Francisco, CA, US"
Harnham,Senior Data Scientist,San Francisco Bay Area
VelvetJobs,Data Scientist,"Foster City, CA, US"
Accenture,Healthcare Payer Data Scientist Consultant,"San Francisco, CA, US"
Amazon,"Data Engineer, Music Data Experience","San Francisco, CA, US"
Perficient,Senior Data Analyst,"San Francisco, CA, US"
Youper,Data Scientist,"San Francisco, CA, US"
Youper,Data Scientist,"San Francisco, CA, US"
On Time Talent Solutions,Data Scientist III - San Francisco,"San Francisco, CA, US"
Perficient,Senior Data Analyst,"San Francisco, California, United States"
Davis Innovators,Data Scientist,"Redwood City, CA, US"
Big Cloud,Data Scientist,"Redwood City, California"
Collabera Inc.,Data Scientist,"San Francisco, CA, US"
On Time Talent Solutions,Data Scientist III - San Francisco,"San Francisco, CA, US"
Big Cloud,Data Scientist,"Redwood City, California"
Metabiota,Modeler/Data Scientist - San Francisco,"San Francisco, CA, US"
Personal Capital,Data Scientist,"Redwood Shores, CA, US"
SoFi,"Director, Data Science","San Francisco, CA, US"
Youper,Data Scientist,"San Francisco, CA, US"
Davis Innovators,Data Scientist,"Redwood City, CA, US"
O'Reilly Media,Data Scientist,"San Francisco, CA, US"
StubHub,"Data Scientist, Product analytics",San Francisco Bay Area
Juul Labs,Senior Director of Data Science & Analytics - Supply & Operations,"San Francisco, CA, US"
Pathrise,"Partner, Data Science","San Francisco, CA, US"
Third Love,Data Science - Marketing and Customer Analytics,"San Francisco, CA, US"
Ivy Exec,Director - Data Science Growth,"San Francisco, CA, US"
Juul,Senior Data Scientist - Analytics,"San Francisco, CA, US"
Collectively Inc,Marketing Data Analyst,"San Francisco, California"
Radius AI,Data Science Engineering,"San Francisco, CA, US"
Accenture,Data Science Consultant,"San Francisco, CA, US"
Publicis Spine,Lead Data Scientist,"San Francisco, CA, US"
Ivy Exec,Data Science Consultant,"San Francisco, CA, US"
UNIDIA LLC,Big Data Engineer,"San Francisco, CA, US"
Juul,Senior Data Scientist - Product,"San Francisco, CA, US"
Juul Labs,Senior Data Scientist - Product,"San Francisco, CA, US"
Juul Labs,Senior Data Scientist - Analytics,"San Francisco, CA, US"
FortressIQ,Data Scientist - Computer Vision,"San Francisco, CA, US"
Ivy Exec,Data Scientist / Machine Learning Engineer,"Redwood City, CA, US"
Ivy Exec,Senior Data Scientist,"San Francisco, CA, US"
"NGM Biopharmaceuticals, Inc.",Biologist/Data Scientist,"South San Francisco, CA, US"
Ivy Exec,Data Scientist,"Redwood City, CA, US"
Whole Biome,R&D Data Scientist Developer,"San Francisco, CA, US"
Bey,Principal Data Scientist & Data Scientist (Product Analytics) - Salary: $150 - 220K,"San Francisco, CA, US"
Bey,"Principal Data Scientist & Data Scientist (Product Analytics) from E-Commerce Industry (i.e Amazon, Alibaba, Best Buy, Sephora etc.)","San Francisco, CA, US"
Bey,Principal Data Scientist & Data Scientist (Product Analytics) - Salary: $150 - 220K,"San Francisco, CA, US"
Bey,"(Permanent Job) Principal Data Scientist with Quantitative Trading Algorithms, Machine Learning, Big Data, Data Modeling","San Francisco, CA, US"
Intelletec,Data Scientist,"San Mateo, CA, US"
Accenture,Healthcare Payer Data Scientist Consultant,"San Francisco, CA, US"
Bey,Principal Data Scientist & Data Scientist (Product Analytics) - Salary: $150 - 220K,"San Francisco, CA, US"
Bey,"Principal Data Scientist & Data Scientist (Product Analytics) from E-Commerce Industry (i.e Amazon, Alibaba, Best Buy, Sephora etc.)","San Francisco, CA, US"
CyberCoders,Data Scientist,"San Francisco, CA, US"
Intelletec,Data Scientist,"San Mateo, CA, US"
Youper,Data Scientist,"San Francisco, CA, US"
On Time Talent Solutions,Data Scientist III - San Francisco,"San Francisco, CA, US"
Youper,Data Scientist,"San Francisco, CA, US"
Perficient,Senior Data Analyst,"San Francisco, California, United States"
Amazon,"Data Engineer, Music Data Experience","San Francisco, CA, US"
Davis Innovators,Data Scientist,"Redwood City, CA, US"
On Time Talent Solutions,Data Scientist III - San Francisco,"San Francisco, CA, US"
Collabera Inc.,Data Scientist,"San Francisco, CA, US"
On Time Talent Solutions,Data Scientist III - San Francisco,"San Francisco, CA, US"
Personal Capital,Data Scientist,"Redwood Shores, CA, US"
Youper,Data Scientist,"San Francisco, CA, US"
Perficient,Senior Data Analyst,"San Francisco, CA, US"
Davis Innovators,Data Scientist,"Redwood City, CA, US"
Swish Analytics,Senior Data Scientist,"San Francisco, CA, US"
Perficient,Senior Data Analyst,"San Francisco, CA, US"
Metabiota,Modeler/Data Scientist - San Francisco,"San Francisco, CA, US"
SoFi,"Director, Data Science","San Francisco, CA, US"
O'Reilly Media,Data Scientist,"San Francisco, CA, US"
Big Cloud,Data Scientist,"Redwood City, California"
StubHub,"Data Scientist, Product analytics",San Francisco Bay Area
Ivy Exec,Data Science Consultant,"San Francisco, CA, US"
"H. Hunter and Associates, LLC",Big Data Engineer,"San Francisco, CA, US"
UNIDIA LLC,Big Data Engineer,"San Francisco, CA, US"
Juul,Senior Data Scientist - Product,"San Francisco, CA, US"
Juul Labs,Senior Data Scientist - Product,"San Francisco, CA, US"
Juul Labs,Senior Data Scientist - Analytics,"San Francisco, CA, US"
FortressIQ,Data Scientist - Computer Vision,"San Francisco, CA, US"
Ivy Exec,Data Scientist / Machine Learning Engineer,"Redwood City, CA, US"
Ivy Exec,Senior Data Scientist,"San Francisco, CA, US"
"TechLink Systems, Inc.",Senior Big Data Engineer,"San Francisco, CA, US"
Accenture,Healthcare Data Science Consultant,"San Francisco, CA, US"
Transcriptic,Application Scientist,San Francisco Bay Area
Ivy Exec,Senior Data Analyst - MDM Architect,"San Francisco, CA, US"
Ivy Exec,Data Scientist - Cloud Security,"Redwood City, CA, US"
Whole Biome,R&D Data Scientist Developer,"San Francisco, CA, US"
Accenture,Big Data Engineer,"San Francisco, CA, US"
Dropbox,Senior People Data Analyst,"San Francisco, CA, US"
Ivy Exec,Data Scientist,"Redwood City, CA, US"
Bey,Principal Data Scientist & Data Scientist (Product Analytics) - Salary: $150 - 220K,"San Francisco, CA, US"
Bey,"(Permanent Job) Principal Data Scientist with Quantitative Trading Algorithms, Machine Learning, Big Data, Data Modeling","San Francisco, CA, US"
VelvetJobs,Data Scientist,"Foster City, CA, US"
Accenture,Healthcare Payer Data Scientist Consultant,"San Francisco, CA, US"
CyberCoders,Data Scientist,"San Francisco, CA, US"
Bey,Principal Data Scientist & Data Scientist (Product Analytics) - Salary: $150 - 220K,"San Francisco, CA, US"
Bey,"Principal Data Scientist & Data Scientist (Product Analytics) from E-Commerce Industry (i.e Amazon, Alibaba, Best Buy, Sephora etc.)","San Francisco, CA, US"
Accenture,Healthcare Payer Data Scientist Consultant,"San Francisco, CA, US"
Amazon,"Data Engineer, Music Data Experience","San Francisco, CA, US"
Perficient,Senior Data Analyst,"San Francisco, CA, US"
Youper,Data Scientist,"San Francisco, CA, US"
Youper,Data Scientist,"San Francisco, CA, US"
Perficient,Senior Data Analyst,"San Francisco, CA, US"
Davis Innovators,Data Scientist,"Redwood City, CA, US"
Big Cloud,Data Scientist,"Redwood City, California"
Collabera Inc.,Data Scientist,"San Francisco, CA, US"
Big Cloud,Data Scientist,"Redwood City, California"
Metabiota,Modeler/Data Scientist - San Francisco,"San Francisco, CA, US"
Personal Capital,Data Scientist,"Redwood Shores, CA, US"
Youper,Data Scientist,"San Francisco, CA, US"
Perficient,Senior Data Analyst,"San Francisco, California, United States"
On Time Talent Solutions,Data Scientist III - San Francisco,"San Francisco, CA, US"
Rose International,Data Analyst,"San Francisco, CA, US"
On Time Talent Solutions,Data Scientist III - San Francisco,"San Francisco, CA, US"
Clarivate Analytics,Principal Data Scientist,"San Francisco, CA, US"
Davis Innovators,Data Scientist,"Redwood City, CA, US"
Strategic Employment,Senior Data Scientist,"San Francisco, CA, US"
SoFi,"Director, Data Science","San Francisco, CA, US"
Strategic Employment,Senior Data Scientist,"San Francisco, CA, US"
Swish Analytics,Senior Data Scientist,"San Francisco, CA, US"
O'Reilly Media,Data Scientist,"San Francisco, CA, US"
StubHub,"Data Scientist, Product Analytics",San Francisco Bay Area
Accenture,Healthcare Data Science Consultant,"San Francisco, CA, US"
Transcriptic,Application Scientist,San Francisco Bay Area
Ivy Exec,Senior Data Analyst - MDM Architect,"San Francisco, CA, US"
Ivy Exec,Data Scientist - Cloud Security,"Redwood City, CA, US"
Ivy Exec,Healthcare Payer Data Scientist Manager,"San Francisco, CA, US"
Accenture,Data Science Manager,"San Francisco, CA, US"
Ivy Exec,Senior Data Scientist - Analytics,"San Francisco, CA, US"
Syneos Health (formerly INC Research/ inVentiv Health),Safety Scientist III,"South San Francisco, CA, US"
"NGM Biopharmaceuticals, Inc.",Biologist/Data Scientist,"South San Francisco, CA, US"
Whole Biome,R&D Data Scientist Developer,"San Francisco, CA, US"
Ivy Exec,Data Scientist,"Redwood City, CA, US"
Bey,Principal Data Scientist & Data Scientist (Product Analytics) - Salary: $150 - 220K,"San Francisco, CA, US"
Bey,"(Permanent Job) Principal Data Scientist with Quantitative Trading Algorithms, Machine Learning, Big Data, Data Modeling","San Francisco, CA, US"
CyberCoders,Data Scientist,"San Francisco, CA, US"
VelvetJobs,Data Scientist,"Foster City, CA, US"
VelvetJobs,Manager- Data Science,"San Francisco, CA, US"
Accenture,Healthcare Payer Data Scientist Consultant,"San Francisco, CA, US"
Bey,Principal Data Scientist & Data Scientist (Product Analytics) - Salary: $150 - 220K,"San Francisco, CA, US"
Bey,"Principal Data Scientist & Data Scientist (Product Analytics) from E-Commerce Industry (i.e Amazon, Alibaba, Best Buy, Sephora etc.)","San Francisco, CA, US"
CyberCoders,Data Scientist,"San Francisco, CA, US"
On Time Talent Solutions,Data Scientist III - San Mateo,"San Mateo, CA, US"
Harnham,Senior Data Scientist,San Francisco Bay Area
On Time Talent Solutions,Data Scientist III - San Francisco,"San Francisco, CA, US"
Intelletec,Data Scientist,"San Mateo, CA, US"
Youper,Data Scientist,"San Francisco, CA, US"
Perficient,Senior Data Analyst,"San Francisco, CA, US"
Davis Innovators,Data Scientist,"Redwood City, CA, US"
Big Cloud,Data Scientist,"Redwood City, California"
Collabera Inc.,Data Scientist,"San Francisco, CA, US"
Big Cloud,Data Scientist,"Redwood City, California"
Metabiota,Modeler/Data Scientist - San Francisco,"San Francisco, CA, US"
Personal Capital,Data Scientist,"Redwood Shores, CA, US"
Youper,Data Scientist,"San Francisco, CA, US"
Lygos,Machine Learning and Bioinformatics Scientist,"San Francisco, CA, US"
Perficient,Senior Data Analyst,"San Francisco, California, United States"
On Time Talent Solutions,Data Scientist III - San Francisco,"San Francisco, CA, US"
Rose International,Data Analyst,"San Francisco, CA, US"
On Time Talent Solutions,Data Scientist III - San Mateo,"San Mateo, CA, US"
Strategic Employment,Senior Data Scientist,"San Francisco, CA, US"
ZapLabs,Senior Big Data Engineer,"Emeryville, CA, US"
On Time Talent Solutions,Data Scientist III - San Francisco,"San Francisco, CA, US"
Clarivate Analytics,Principal Data Scientist,"San Francisco, CA, US"
Davis Innovators,Data Scientist,"Redwood City, CA, US"
Strategic Employment,Senior Data Scientist,"San Francisco, CA, US"
SoFi,"Director, Data Science","San Francisco, CA, US"
Strategic Employment,Senior Data Scientist,"San Francisco, CA, US"
Swish Analytics,Senior Data Scientist,"San Francisco, CA, US"
Agilisium Consulting,Big Data Engineer,"San Francisco, CA, US"
O'Reilly Media,Data Scientist,"San Francisco, CA, US"
StubHub,"Data Scientist, Product Analytics",San Francisco Bay Area
"Foursquare Labs, Inc.",Site Reliability Engineer (Big Data / Hadoop),"San Francisco, CA, US"
Metanoia Solutions,Big Data Developer,"San Francisco, CA, US"
Ivy Exec,Data Science Consultant - Supply Chain,"San Francisco, CA, US"
"NGM Biopharmaceuticals, Inc.",Biologist/Data Scientist,"South San Francisco, CA, US"
Lyft,"Data Scientist, Safety & Insurance","San Francisco, CA, US"
Pathrise,"Partner, Data Science","San Francisco, CA, US"
Whole Biome,R&D Data Scientist Developer,"San Francisco, CA, US"
Carbon Lighthouse,Data Scientist,"San Francisco, California"
Myriad Genetics,Scientist - Computational Biologist,"South San Francisco, CA, US"
Ivy Exec,Data Scientist,"Redwood City, CA, US"
Bey,Principal Data Scientist & Data Scientist (Product Analytics) - Salary: $150 - 220K,"San Francisco, CA, US"
Bey,"(Permanent Job) Principal Data Scientist with Quantitative Trading Algorithms, Machine Learning, Big Data, Data Modeling","San Francisco, CA, US"
CyberCoders,Data Scientist,"San Francisco, CA, US"
VelvetJobs,Data Scientist,"Foster City, CA, US"
Accenture,Healthcare Payer Data Scientist Consultant,"San Francisco, CA, US"
Bey,Principal Data Scientist & Data Scientist (Product Analytics) - Salary: $150 - 220K,"San Francisco, CA, US"
Bey,"Principal Data Scientist & Data Scientist (Product Analytics) from E-Commerce Industry (i.e Amazon, Alibaba, Best Buy, Sephora etc.)","San Francisco, CA, US"
CyberCoders,Data Scientist,"San Francisco, CA, US"
Accenture,Data Science Consultant,"San Francisco, CA, US"
On Time Talent Solutions,Data Scientist III - San Mateo,"San Mateo, CA, US"
Harnham,Senior Data Scientist,San Francisco Bay Area
On Time Talent Solutions,Data Scientist III - San Francisco,"San Francisco, CA, US"
Intelletec,Data Scientist,"San Mateo, CA, US"
Youper,Data Scientist,"San Francisco, CA, US"
On Time Talent Solutions,Data Scientist III - San Francisco,"San Francisco, CA, US"
On Time Talent Solutions,Data Scientist III - San Mateo,"San Mateo, CA, US"
On Time Talent Solutions,Data Scientist III - San Francisco,"San Francisco, CA, US"
On Time Talent Solutions,Data Scientist III - San Francisco,"San Francisco, CA, US"
Collabera Inc.,Data Scientist,"San Francisco, CA, US"
Davis Innovators,Data Scientist,"Redwood City, CA, US"
Perficient,Senior Data Analyst,"San Francisco, California, United States"
Davis Innovators,Data Scientist,"Redwood City, CA, US"
Personal Capital,Data Scientist,"Redwood Shores, CA, US"
Youper,Data Scientist,"San Francisco, CA, US"
Agilisium Consulting,Big Data Engineer,"San Francisco, CA, US"
Rose International,Data Analyst,"San Francisco, CA, US"
Strategic Employment,Senior Data Scientist,"San Francisco, CA, US"
Wells Fargo,Analytic Manager 4 - NLP DATA SCIENCE COMPLIANCE INITIATIVES,"San Francisco, CA, US"
O'Reilly Media,Data Scientist,"San Francisco, CA, US"
Davis Innovators,Data Scientist,"Redwood City, CA, US"
Big Cloud,Data Scientist,"Redwood City, California"
Strategic Employment,Senior Data Scientist,"San Francisco, CA, US"
Lygos,Machine Learning and Bioinformatics Scientist,"San Francisco, CA, US"
Big Cloud,Data Scientist,"Redwood City, California"
Strategic Employment,Senior Data Scientist,"San Francisco, CA, US"
StubHub,"Data Scientist, Product analytics",San Francisco Bay Area
SoFi,"Director, Data Science","San Francisco, CA, US"
Metabiota,Modeler/Data Scientist - San Francisco,"San Francisco, CA, US"
Swish Analytics,Senior Data Scientist,"San Francisco, CA, US"
ZapLabs,Senior Big Data Engineer,"Emeryville, CA, US"
Stanza,Data Analyst,"San Francisco, CA, US"
Ivy Exec,AI Data Science Senior Manager,"San Francisco, CA, US"
Ivy Exec,Data Science Manager,"San Francisco, CA, US"
Accenture,Data Science Manager,"San Francisco, CA, US"
Gigya,SAP SuccessFactors iXp Intern - Business Data Analyst Job,"South San Francisco, CA, US"
"NGM Biopharmaceuticals, Inc.",Biologist/Data Scientist,"South San Francisco, CA, US"
Whole Biome,R&D Data Scientist Developer,"San Francisco, CA, US"
Ivy Exec,Data Scientist,"Redwood City, CA, US"
Bey,Principal Data Scientist & Data Scientist (Product Analytics) - Salary: $150 - 220K,"San Francisco, CA, US"
Cynet Systems Inc,Data Scientist With Reach - Csi-It,"San Mateo, CA, US"
Bey,"(Permanent Job) Principal Data Scientist with Quantitative Trading Algorithms, Machine Learning, Big Data, Data Modeling","San Francisco, CA, US"
CyberCoders,Data Scientist,"San Francisco, CA, US"
Bey,"Principal Data Scientist & Data Scientist (Product Analytics) from E-Commerce Industry (i.e Amazon, Alibaba, Best Buy, Sephora etc.)","San Francisco, CA, US"
VelvetJobs,Data Scientist,"Foster City, CA, US"
Accenture,Data Science Consultant,"San Francisco, CA, US"
Accenture,Healthcare Payer Data Scientist Consultant,"San Francisco, CA, US"
Bey,Principal Data Scientist & Data Scientist (Product Analytics) - Salary: $150 - 220K,"San Francisco, CA, US"
Glassdoor,Lead Big Data Engineer,"San Francisco, CA, US"
CyberCoders,Data Scientist,"San Francisco, CA, US"
Intelletec,Data Scientist,"San Mateo, CA, US"
Youper,Data Scientist,"San Francisco, CA, US"
Youper,Data Scientist,"San Francisco, CA, US"
On Time Talent Solutions,Data Scientist III - San Mateo,"San Mateo, CA, US"
On Time Talent Solutions,Data Scientist III - San Francisco,"San Francisco, CA, US"
Perficient,Senior Data Analyst,"San Francisco, California, United States"
Strategic Employment,Senior Data Scientist,"San Francisco, CA, US"
Agilisium Consulting,Big Data Engineer,"San Francisco, CA, US"
Davis Innovators,Data Scientist,"Redwood City, CA, US"
Blueshift,Data Scientist,"San Francisco, CA, US"
Skupos Inc.,Data Scientist,"San Francisco, California, United States"
Personal Capital,Data Scientist,"San Francisco, CA, US"
APN Consulting Inc.,Data Scientist,"San Francisco, CA, US"
Strategic Employment,Senior Data Scientist,"San Francisco, CA, US"
Agilisium Consulting,Big Data Engineer,"San Francisco, CA, US"
Perficient,Senior Data Analyst,"San Francisco, California, United States"
Youper,Data Scientist,"San Francisco, CA, US"
Youper,Data Scientist,"San Francisco, CA, US"
Rose International,Data Analyst,"San Francisco, CA, US"
Strategic Employment,Senior Data Scientist,"San Francisco, CA, US"
Wells Fargo,Analytic Manager 4 - NLP DATA SCIENCE COMPLIANCE INITIATIVES,"San Francisco, CA, US"
"University of California, Berkeley","Data Analyst, Sph","Berkeley, CA, US"
Visa,Data Scientist / Sr. Data Scientist,"Foster City, CA, US"
SoFi,"Director, Data Science","San Francisco, CA, US"
Swish Analytics,Senior Data Scientist,"San Francisco, CA, US"
ZapLabs,Senior Big Data Engineer,"Emeryville, CA, US"
B-Stock Solutions,Data Analyst - Business Intelligence,"Belmont, CA, US"
Big Cloud,Data Scientist,"Redwood City, California"
Collabera Inc.,Data Scientist,"San Francisco, CA, US"
StubHub,"Data Scientist, Product analytics",San Francisco Bay Area
Lygos,Machine Learning and Bioinformatics Scientist,"San Francisco, CA, US"
"NGM Biopharmaceuticals, Inc.",Biologist/Data Scientist,"South San Francisco, CA, US"
Whole Biome,R&D Data Scientist Developer,"San Francisco, CA, US"
Ivy Exec,Data Scientist,"Redwood City, CA, US"
Bey,Principal Data Scientist & Data Scientist (Product Analytics) - Salary: $150 - 220K,"San Francisco, CA, US"
Bey,"(Permanent Job) Principal Data Scientist with Quantitative Trading Algorithms, Machine Learning, Big Data, Data Modeling","San Francisco, CA, US"
CyberCoders,Data Scientist,"San Francisco, CA, US"
VelvetJobs,Data Scientist,"Foster City, CA, US"
Accenture,Healthcare Payer Data Scientist Consultant,"San Francisco, CA, US"
Ivy Exec,Senior Data Scientist - Product,"San Francisco, CA, US"
Snowflake,Senior Data Analyst - Sales Operations,"San Mateo, CA, US"
Bey,Principal Data Scientist & Data Scientist (Product Analytics) - Salary: $150 - 220K,"San Francisco, CA, US"
Bey,"Principal Data Scientist & Data Scientist (Product Analytics) from E-Commerce Industry (i.e Amazon, Alibaba, Best Buy, Sephora etc.)","San Francisco, CA, US"
CyberCoders,Data Scientist,"San Francisco, CA, US"
Glassdoor,Senior Big Data Engineer - B2B,"Mill Valley, CA, US"
Accenture,Data Science Consultant,"San Francisco, CA, US"
On Time Talent Solutions,Data Scientist III - San Mateo,"San Mateo, CA, US"
Harnham,Senior Data Scientist,San Francisco Bay Area
On Time Talent Solutions,Data Scientist III - San Francisco,"San Francisco, CA, US"
Intelletec,Data Scientist,"San Mateo, CA, US"
Youper,Data Scientist,"San Francisco, CA, US"
On Time Talent Solutions,Data Scientist III - San Francisco,"San Francisco, CA, US"
Youper,Data Scientist,"San Francisco, CA, US"
Perficient,Senior Data Analyst,"San Francisco, California, United States"
Davis Innovators,Data Scientist,"Redwood City, CA, US"
Collabera Inc.,Data Scientist,"San Francisco, CA, US"
Big Cloud,Data Scientist,"Redwood City, California"
Collabera Inc.,Data Scientist,"San Francisco, CA, US"
Big Cloud,Data Scientist,"Redwood City, California"
Metabiota,Modeler/Data Scientist - San Francisco,"San Francisco, CA, US"
Personal Capital,Data Scientist,"Redwood Shores, CA, US"
SoFi,"Director, Data Science","San Francisco, CA, US"
Perficient,Senior Data Analyst,"San Francisco, California, United States"
On Time Talent Solutions,Data Scientist III - San Mateo,"San Mateo, CA, US"
Lygos,Machine Learning and Bioinformatics Scientist,"San Francisco, CA, US"
On Time Talent Solutions,Data Scientist III - San Francisco,"San Francisco, CA, US"
On Time Talent Solutions,Data Scientist III - San Francisco,"San Francisco, CA, US"
Rose International,Data Analyst,"San Francisco, CA, US"
Strategic Employment,Senior Data Scientist,"San Francisco, CA, US"
ZapLabs,Senior Big Data Engineer,"Emeryville, CA, US"
Wells Fargo,Analytic Manager 4 - NLP DATA SCIENCE COMPLIANCE INITIATIVES,"San Francisco, CA, US"
Davis Innovators,Data Scientist,"Redwood City, CA, US"
O'Reilly Media,Data Scientist,"San Francisco, CA, US"
Youper,Data Scientist,"San Francisco, CA, US"
Strategic Employment,Senior Data Scientist,"San Francisco, CA, US"
Strategic Employment,Senior Data Scientist,"San Francisco, CA, US"
StubHub,"Data Scientist, Product analytics",San Francisco Bay Area
Swish Analytics,Senior Data Scientist,"San Francisco, CA, US"
Agilisium Consulting,Big Data Engineer,"San Francisco, CA, US"
B-Stock Solutions,Data Analyst - Business Intelligence,"Belmont, CA, US"
Agilisium Consulting,Big Data Engineer,"San Francisco, CA, US"
Ivy Exec,Data Scientist,"Redwood City, CA, US"
Kaiser Permanente,Senior Consulting Data Analyst - Oakland,"Oakland, CA, US"
Bey,Principal Data Scientist & Data Scientist (Product Analytics) - Salary: $150 - 220K,"San Francisco, CA, US"
GE Power,Sr Staff Data Scientist,"San Ramon, CA, US"
"SmartNews, Inc.",Data Science Manager,"San Francisco, CA, US"
Bey,"(Permanent Job) Principal Data Scientist with Quantitative Trading Algorithms, Machine Learning, Big Data, Data Modeling","San Francisco, CA, US"
CyberCoders,Data Scientist,"San Francisco, CA, US"
VelvetJobs,Data Scientist,"Foster City, CA, US"
Accenture,Healthcare Payer Data Scientist Consultant,"San Francisco, CA, US"
Bey,Principal Data Scientist & Data Scientist (Product Analytics) - Salary: $150 - 220K,"San Francisco, CA, US"
Bey,"Principal Data Scientist & Data Scientist (Product Analytics) from E-Commerce Industry (i.e Amazon, Alibaba, Best Buy, Sephora etc.)","San Francisco, CA, US"
CyberCoders,Data Scientist,"San Francisco, CA, US"
Accenture,Data Science Consultant,"San Francisco, CA, US"
Glassdoor,Senior Big Data Engineer - B2B,"Mill Valley, CA, US"
On Time Talent Solutions,Data Scientist III - San Mateo,"San Mateo, CA, US"
Harnham,Senior Data Scientist,San Francisco Bay Area
On Time Talent Solutions,Data Scientist III - San Francisco,"San Francisco, CA, US"
Intelletec,Data Scientist,"San Mateo, CA, US"
Youper,Data Scientist,"San Francisco, CA, US"
"University of California, San Francisco",Research Data Analyst,"San Francisco, CA, US"
On Time Talent Solutions,Data Scientist III - San Francisco,"San Francisco, CA, US"
Youper,Data Scientist,"San Francisco, CA, US"
Perficient,Senior Data Analyst,"San Francisco, California, United States"
"University of California, San Francisco",Research Data Analyst,"San Francisco, CA, US"
Davis Innovators,Data Scientist,"Redwood City, CA, US"
Perficient,Senior Data Analyst,"San Francisco, CA, US"
Wells Fargo,Analytic Manager 4 - NLP DATA SCIENCE COMPLIANCE INITIATIVES,"San Francisco, CA, US"
Davis Innovators,Data Scientist,"Redwood City, CA, US"
Big Cloud,Data Scientist,"Redwood City, California"
Doximity,Data Analyst - San Francisco,"San Francisco, CA, US"
Metabiota,Modeler/Data Scientist - San Francisco,"San Francisco, CA, US"
Personal Capital,Data Scientist,"Redwood Shores, CA, US"
Youper,Data Scientist,"San Francisco, CA, US"
Amazon,"Data Engineer, Music Data Experience","San Francisco, CA, US"
Perficient,Senior Data Analyst,"San Francisco, CA, US"
Strategic Employment,Senior Data Scientist,"San Francisco, CA, US"
Swish Analytics,Senior Data Scientist,"San Francisco, CA, US"
Davis Innovators,Data Scientist,"Redwood City, CA, US"
Strategic Employment,Senior Data Scientist,"San Francisco, CA, US"
Agilisium Consulting,Big Data Engineer,"San Francisco, CA, US"
B-Stock Solutions,Data Analyst - Business Intelligence,"Belmont, CA, US"
Davis Innovators,Data Scientist,"Redwood City, CA, US"
Strategic Employment,Senior Data Scientist,"San Francisco, CA, US"
"SmartNews, Inc.",Data Science Manager,"San Francisco, CA, US"
Lygos,Machine Learning and Bioinformatics Scientist,"San Francisco, CA, US"
O'Reilly Media,Data Scientist,"San Francisco, CA, US"
Rose International,Data Analyst,"San Francisco, CA, US"
Agilisium Consulting,Big Data Engineer,"San Francisco, CA, US"
StubHub,"Data Scientist, Product analytics",San Francisco Bay Area
ZapLabs,Senior Big Data Engineer,"Emeryville, CA, US"
